Mutation_Type,Count,Percentage
Silent,152,46.48318042813456
Missense,100,30.58103975535168
Frameshift,63,19.26605504587156
Nonsense,9,2.7522935779816518
Complex,3,0.9174311926605505
