Mutation_Type,Count,Percentage
Missense,12,42.857142857142854
Silent,10,35.714285714285715
Frameshift,6,21.428571428571427
